Energy_keV,Energy_eV,Ru_C_Reflectivity,W_B4C_Reflectivity
0.5,500.0,,
0.5397698849424712,539.7698849424712,,
0.5795397698849425,579.5397698849425,,
0.6193096548274137,619.3096548274137,,
0.659079539769885,659.079539769885,,
0.6988494247123562,698.8494247123563,,
0.7386193096548275,738.6193096548275,,
0.7783891945972987,778.3891945972987,,
0.81815907953977,818.15907953977,,
0.8579289644822412,857.9289644822412,,
0.8976988494247125,897.6988494247124,,
0.9374687343671837,937.4687343671837,,
0.9772386193096548,977.2386193096548,,
1.017008504252126,1017.0085042521259,,
1.0567783891945974,1056.7783891945974,,
1.0965482741370685,1096.5482741370683,,
1.13631815907954,1136.31815907954,,
1.176088044022011,1176.088044022011,,
1.2158579289644824,1215.8579289644824,,
1.2556278139069534,1255.6278139069534,,
1.295397698849425,1295.3976988494248,,
1.335167583791896,1335.1675837918958,,
1.3749374687343674,1374.9374687343675,,
1.4147073536768384,1414.7073536768385,,
1.4544772386193097,1454.4772386193097,,
1.494247123561781,1494.2471235617809,,
1.5340170085042522,1534.017008504252,,
1.5737868934467234,1573.7868934467233,,
1.6135567783891946,1613.5567783891947,,
1.653326663331666,1653.326663331666,,
1.6930965482741371,1693.0965482741371,,
1.7328664332166084,1732.8664332166084,,
1.7726363181590796,1772.6363181590796,,
1.8124062031015509,1812.4062031015508,,
1.8521760880440221,1852.1760880440222,,
1.8919459729864934,1891.9459729864934,,
1.9317158579289646,1931.7158579289646,,
1.9714857428714359,1971.4857428714358,,
2.011255627813907,2011.2556278139068,,
2.0510255127563783,2051.0255127563782,,
2.09079539769885,2090.7953976988497,,
2.130565282641321,2130.5652826413207,,
2.170335167583792,2170.3351675837916,,
2.2101050525262633,2210.1050525262635,,
2.249874937468735,2249.874937468735,,
2.289644822411206,2289.644822411206,,
2.329414707353677,2329.414707353677,,
2.3691845922961483,2369.1845922961484,,
2.4089544772386193,2408.9544772386193,,
2.448724362181091,2448.724362181091,,
2.488494247123562,2488.4942471235618,,
2.5282641320660333,2528.264132066033,,
2.5680340170085043,2568.034017008504,,
2.6078039019509758,2607.8039019509756,,
2.647573786893447,2647.5737868934466,,
2.6873436718359183,2687.3436718359185,,
2.7271135567783893,2727.1135567783895,,
2.7668834417208608,2766.883441720861,,
2.806653326663332,2806.653326663332,,
2.8464232116058032,2846.4232116058033,,
2.8861930965482743,2886.1930965482743,,
2.9259629814907457,2925.9629814907457,,
2.9657328664332168,2965.7328664332167,,
3.0055027513756882,3005.502751375688,,
3.0452726363181593,3045.272636318159,,
3.0850425212606303,3085.04252126063,,
3.1248124062031017,3124.8124062031015,,
3.1645822911455728,3164.582291145573,,
3.2043521760880442,3204.3521760880444,,
3.2441220610305153,3244.1220610305154,,
3.2838919459729867,3283.891945972987,,
3.3236618309154577,3323.661830915458,,
3.363431715857929,3363.4317158579292,,
3.4032016008004002,3403.2016008004002,,
3.4429714857428717,3442.9714857428717,,
3.4827413706853427,3482.7413706853426,,
3.522511255627814,3522.511255627814,,
3.562281140570285,3562.281140570285,,
3.6020510255127567,3602.0510255127565,,
3.6418209104552277,3641.820910455228,,
3.681590795397699,3681.5907953976994,,
3.72136068034017,3721.3606803401703,,
3.7611305652826417,3761.130565282642,,
3.8009004502251127,3800.9004502251128,,
3.840670335167584,3840.670335167584,,
3.880440220110055,3880.440220110055,,
3.9202101050525267,3920.2101050525266,,
3.9599799899949977,3959.9799899949976,,
3.999749874937469,3999.749874937469,,
4.039519759879941,4039.5197598799405,,
4.079289644822412,4079.2896448224114,,
4.119059529764883,4119.059529764882,,
4.158829414707354,4158.829414707354,,
4.198599299649825,4198.599299649824,,
4.238369184592297,4238.369184592297,,
4.278139069534768,4278.139069534767,,
4.317908954477239,4317.908954477239,,
4.357678839419711,4357.67883941971,,
4.397448724362182,4397.448724362182,,
4.437218609304653,4437.218609304653,,
4.476988494247124,4476.9884942471235,,
4.516758379189595,4516.758379189595,,
4.556528264132067,4556.528264132066,,
4.596298149074538,4596.298149074538,,
4.636068034017009,4636.068034017008,,
4.67583791895948,4675.83791895948,,
4.7156078039019516,4715.607803901951,,
4.755377688844423,4755.377688844423,,
4.795147573786894,4795.147573786893,,
4.834917458729365,4834.917458729365,,
4.8746873436718365,4874.687343671837,,
4.914457228614308,4914.4572286143075,,
4.954227113556779,4954.227113556779,,
4.99399699849925,4993.9969984992495,,
5.0337668834417215,5033.766883441722,,
5.0735367683841925,5073.536768384192,,
5.113306653326664,5113.306653326664,,
5.153076538269135,5153.076538269134,,
5.1928464232116065,5192.846423211607,,
5.2326163081540775,5232.616308154077,,
5.2723861930965485,5272.386193096549,,
5.31215607803902,5312.156078039019,,
5.3519259629814915,5351.9259629814915,,
5.3916958479239625,5391.695847923963,,
5.4314657328664335,5431.465732866433,,
5.4712356178089045,5471.235617808905,,
5.5110055027513765,5511.005502751376,,
5.5507753876938475,5550.775387693848,,
5.5905452726363185,5590.545272636318,,
5.6303151575787895,5630.31515757879,,
5.6700850425212606,5670.08504252126,,
5.7098549274637325,5709.854927463733,,
5.7496248124062035,5749.624812406203,,
5.7893946973486745,5789.3946973486745,,
5.8291645822911455,5829.164582291146,,
5.8689344672336174,5868.934467233617,,
5.9087043521760885,5908.704352176089,,
5.9484742371185595,5948.474237118559,,
5.9882441220610305,5988.244122061031,,
6.028014007003502,6028.014007003502,,
6.0677838919459735,6067.783891945974,,
6.1075537768884445,6107.553776888444,,
6.1473236618309155,6147.323661830916,,
6.187093546773387,6187.093546773387,,
6.226863431715858,6226.8634317158585,,
6.2666333166583295,6266.633316658329,,
6.3064032016008005,6306.4032016008005,,
6.346173086543272,6346.173086543273,,
6.385942971485743,6385.942971485743,,
6.425712856428214,6425.712856428215,,
6.4654827413706855,6465.482741370685,,
6.505252626313157,6505.252626313158,,
6.545022511255628,6545.022511255628,,
6.584792396198099,6584.7923961981,,
6.62456228114057,6624.56228114057,,
6.664332166083042,6664.3321660830425,,
6.704102051025513,6704.102051025513,,
6.743871935967984,6743.871935967984,,
6.783641820910455,6783.641820910456,,
6.823411705852927,6823.411705852927,,
6.863181590795398,6863.181590795399,,
6.902951475737869,6902.951475737869,,
6.94272136068034,6942.721360680341,,
6.982491245622811,6982.491245622811,,
7.022261130565283,7022.261130565284,,
7.062031015507754,7062.031015507754,,
7.101800900450225,7101.8009004502255,,
7.141570785392696,7141.570785392696,,
7.181340670335168,7181.340670335168,,
7.221110555277639,7221.110555277639,,
7.26088044022011,7260.88044022011,,
7.300650325162581,7300.650325162582,,
7.340420210105053,7340.420210105053,,
7.380190095047524,7380.190095047525,,
7.419959979989995,7419.959979989995,,
7.459729864932466,7459.729864932467,,
7.499499749874938,7499.499749874938,,
7.539269634817409,7539.2696348174095,,
7.57903951975988,7579.03951975988,,
7.618809404702351,7618.8094047023515,,
7.658579289644823,7658.579289644823,,
7.698349174587294,7698.349174587294,,
7.738119059529765,7738.119059529765,,
7.777888944472236,7777.888944472236,,
7.817658829414708,7817.658829414709,,
7.857428714357179,7857.428714357179,,
7.89719859929965,7897.198599299651,,
7.936968484242121,7936.968484242121,,
7.976738369184593,7976.7383691845935,,
8.016508254127064,8016.508254127064,,
8.056278139069535,8056.278139069535,,
8.096048024012006,8096.048024012006,,
8.135817908954477,8135.817908954477,,
8.175587793896948,8175.587793896948,,
8.215357678839421,8215.35767883942,,
8.25512756378189,8255.12756378189,,
8.294897448724363,8294.897448724363,,
8.334667333666834,8334.667333666834,,
8.374437218609305,8374.437218609306,,
8.414207103551776,8414.207103551777,,
8.453976988494247,8453.976988494247,,
8.49374687343672,8493.74687343672,,
8.53351675837919,8533.51675837919,,
8.573286643321662,8573.286643321662,,
8.613056528264133,8613.056528264133,,
8.652826413206604,8652.826413206603,,
8.692596298149075,8692.596298149076,,
8.732366183091546,8732.366183091546,,
8.772136068034017,8772.136068034017,,
8.811905952976488,8811.905952976489,,
8.85167583791896,8851.67583791896,,
8.891445722861432,8891.445722861432,,
8.931215607803903,8931.215607803902,,
8.970985492746374,8970.985492746375,,
9.010755377688845,9010.755377688845,,
9.050525262631316,9050.525262631316,,
9.090295147573787,9090.295147573786,,
9.130065032516258,9130.065032516259,,
9.16983491745873,9169.83491745873,,
9.209604802401202,9209.604802401202,,
9.249374687343673,9249.374687343674,,
9.289144572286144,9289.144572286144,,
9.328914457228615,9328.914457228615,,
9.368684342171086,9368.684342171086,,
9.408454227113557,9408.454227113558,,
9.448224112056028,9448.224112056028,,
9.4879939969985,9487.993996998499,,
9.52776388194097,9527.76388194097,,
9.567533766883443,9567.533766883444,,
9.607303651825914,9607.303651825914,,
9.647073536768385,9647.073536768385,,
9.686843421710856,9686.843421710857,,
9.726613306653327,9726.613306653328,,
9.766383191595798,9766.383191595798,,
9.80615307653827,9806.153076538269,,
9.84592296148074,9845.922961480741,,
9.885692846423213,9885.692846423213,,
9.925462731365684,9925.462731365684,,
9.965232616308155,9965.232616308154,,
10.005002501250626,10005.002501250627,,
10.044772386193097,10044.772386193097,,
10.084542271135568,10084.542271135568,,
10.12431215607804,10124.312156078038,,
10.16408204102051,10164.08204102051,,
10.203851925962983,10203.851925962983,,
10.243621810905454,10243.621810905453,,
10.283391695847925,10283.391695847926,,
10.323161580790396,10323.161580790396,,
10.362931465732867,10362.931465732867,,
10.402701350675338,10402.701350675337,,
10.442471235617809,10442.47123561781,,
10.48224112056028,10482.24112056028,,
10.522011005502753,10522.011005502753,,
10.561780890445224,10561.780890445223,,
10.601550775387695,10601.550775387695,,
10.641320660330166,10641.320660330166,,
10.681090545272637,10681.090545272637,,
10.720860430215108,10720.860430215109,,
10.760630315157579,10760.63031515758,,
10.80040020010005,10800.40020010005,,
10.840170085042521,10840.17008504252,,
10.879939969984994,10879.939969984995,,
10.919709854927465,10919.709854927465,,
10.959479739869936,10959.479739869936,,
10.999249624812407,10999.249624812406,,
11.039019509754878,11039.019509754879,,
11.078789394697349,11078.789394697349,,
11.11855927963982,11118.55927963982,,
11.158329164582291,11158.329164582292,,
11.198099049524764,11198.099049524764,,
11.237868934467235,11237.868934467235,,
11.277638819409706,11277.638819409705,,
11.317408704352177,11317.408704352178,,
11.357178589294648,11357.178589294648,,
11.396948474237119,11396.948474237119,,
11.43671835917959,11436.71835917959,,
11.476488244122061,11476.488244122062,,
11.516258129064534,11516.258129064534,,
11.556028014007005,11556.028014007004,,
11.595797898949476,11595.797898949475,,
11.635567783891947,11635.567783891947,,
11.675337668834418,11675.337668834418,,
11.715107553776889,11715.107553776888,,
11.75487743871936,11754.87743871936,,
11.794647323661831,11794.647323661831,,
11.834417208604304,11834.417208604304,,
11.874187093546775,11874.187093546774,,
11.913956978489246,11913.956978489246,,
11.953726863431717,11953.726863431717,,
11.993496748374188,11993.496748374188,,
12.033266633316659,12033.266633316658,,
12.07303651825913,12073.03651825913,,
12.112806403201601,12112.806403201601,,
12.152576288144072,12152.576288144071,,
12.192346173086545,12192.346173086546,,
12.232116058029016,12232.116058029016,,
12.271885942971487,12271.885942971487,,
12.311655827913958,12311.655827913957,,
12.351425712856429,12351.42571285643,,
12.3911955977989,12391.1955977989,,
12.430965482741371,12430.96548274137,,
12.470735367683842,12470.735367683841,,
12.510505252626315,12510.505252626315,,
12.550275137568786,12550.275137568786,,
12.590045022511257,12590.045022511256,,
12.629814907453728,12629.814907453729,,
12.669584792396199,12669.5847923962,,
12.70935467733867,12709.35467733867,,
12.74912456228114,12749.12456228114,,
12.788894447223612,12788.894447223613,,
12.828664332166085,12828.664332166085,,
12.868434217108556,12868.434217108555,,
12.908204102051027,12908.204102051026,,
12.947973986993498,12947.973986993498,,
12.987743871935969,12987.743871935969,,
13.02751375687844,13027.51375687844,,
13.06728364182091,13067.283641820912,,
13.107053526763382,13107.053526763382,,
13.146823411705855,13146.823411705855,,
13.186593296648326,13186.593296648325,,
13.226363181590797,13226.363181590797,,
13.266133066533268,13266.133066533268,,
13.305902951475739,13305.902951475739,,
13.34567283641821,13345.672836418209,,
13.38544272136068,13385.442721360681,,
13.425212606303152,13425.212606303152,,
13.464982491245623,13464.982491245622,,
13.504752376188096,13504.752376188095,,
13.544522261130567,13544.522261130567,,
13.584292146073038,13584.292146073038,,
13.624062031015509,13624.062031015508,,
13.66383191595798,13663.83191595798,,
13.70360180090045,13703.601800900451,,
13.743371685842922,13743.371685842922,,
13.783141570785393,13783.141570785392,,
13.822911455727866,13822.911455727866,,
13.862681340670337,13862.681340670337,,
13.902451225612808,13902.451225612807,,
13.942221110555279,13942.221110555278,,
13.98199099549775,13981.99099549775,,
14.02176088044022,14021.76088044022,,
14.061530765382692,14061.530765382691,,
14.101300650325163,14101.300650325164,,
14.141070535267636,14141.070535267636,,
14.180840420210107,14180.840420210106,,
14.220610305152578,14220.610305152577,,
14.260380190095049,14260.38019009505,,
14.30015007503752,14300.15007503752,,
14.33991995997999,14339.91995997999,,
14.379689844922462,14379.68984492246,,
14.419459729864933,14419.459729864933,,
14.459229614807406,14459.229614807406,,
14.498999499749877,14498.999499749876,,
14.538769384692348,14538.769384692348,,
14.578539269634819,14578.539269634819,,
14.61830915457729,14618.30915457729,,
14.65807903951976,14658.07903951976,,
14.697848924462232,14697.848924462232,,
14.737618809404703,14737.618809404703,,
14.777388694347174,14777.388694347173,,
14.817158579289647,14817.158579289646,,
14.856928464232118,14856.928464232118,,
14.896698349174589,14896.698349174589,,
14.93646823411706,14936.46823411706,,
14.97623811905953,14976.23811905953,,
15.016008004002002,15016.008004002002,,
15.055777888944473,15055.777888944473,,
15.095547773886944,15095.547773886943,,
15.135317658829416,15135.317658829417,,
15.175087543771888,15175.087543771888,,
15.214857428714359,15214.857428714358,,
15.25462731365683,15254.627313656829,,
15.2943971985993,15294.397198599301,,
15.334167083541772,15334.167083541772,,
15.373936968484243,15373.936968484242,,
15.413706853426714,15413.706853426713,,
15.453476738369186,15453.476738369187,,
15.493246623311657,15493.246623311657,,
15.533016508254128,15533.016508254128,,
15.5727863931966,15572.7863931966,,
15.61255627813907,15612.55627813907,,
15.652326163081542,15652.326163081541,,
15.692096048024013,15692.096048024012,,
15.731865932966484,15731.865932966484,,
15.771635817908955,15771.635817908955,,
15.811405702851427,15811.405702851427,,
15.851175587793898,15851.175587793898,,
15.89094547273637,15890.94547273637,,
15.93071535767884,15930.71535767884,,
15.970485242621312,15970.485242621311,,
16.01025512756378,16010.255127563782,,
16.050025012506254,16050.025012506254,,
16.089794897448726,16089.794897448726,,
16.1295647823912,16129.564782391199,,
16.16933466733367,16169.33466733367,,
16.209104552276138,16209.104552276138,,
16.24887443721861,16248.87443721861,,
16.288644322161083,16288.644322161083,,
16.328414207103553,16328.414207103553,,
16.36818409204602,16368.184092046022,,
16.407953976988495,16407.953976988494,,
16.447723861930967,16447.72386193097,,
16.48749374687344,16487.49374687344,,
16.52726363181591,16527.26363181591,,
16.56703351675838,16567.03351675838,,
16.60680340170085,16606.80340170085,,
16.646573286643324,16646.573286643325,,
16.686343171585793,16686.343171585795,,
16.726113056528266,16726.113056528266,,
16.765882941470736,16765.882941470736,,
16.80565282641321,16805.652826413207,,
16.845422711355678,16845.422711355677,,
16.88519259629815,16885.19259629815,,
16.924962481240623,16924.962481240622,,
16.964732366183092,16964.732366183092,,
17.004502251125565,17004.502251125567,,
17.044272136068034,17044.272136068033,,
17.084042021010507,17084.042021010508,,
17.123811905952977,17123.811905952978,,
17.16358179089545,17163.58179089545,,
17.20335167583792,17203.35167583792,,
17.24312156078039,17243.12156078039,,
17.282891445722864,17282.891445722864,,
17.322661330665333,17322.661330665334,,
17.362431215607806,17362.431215607805,,
17.402201100550275,17402.201100550275,,
17.44197098549275,17441.97098549275,,
17.481740870435218,17481.740870435216,,
17.52151075537769,17521.51075537769,,
17.56128064032016,17561.28064032016,,
17.601050525262632,17601.05052526263,,
17.640820410205105,17640.820410205106,,
17.680590295147574,17680.590295147573,,
17.720360180090047,17720.360180090047,,
17.760130065032516,17760.130065032517,,
17.79989994997499,17799.899949974988,,
17.83966983491746,17839.66983491746,,
17.87943971985993,17879.439719859933,,
17.919209604802404,17919.209604802403,,
17.958979489744873,17958.979489744874,,
17.998749374687346,17998.749374687348,,
18.038519259629815,18038.519259629815,,
18.078289144572288,18078.28914457229,,
18.118059029514757,18118.059029514756,,
18.15782891445723,18157.82891445723,,
18.1975987993997,18197.5987993997,,
18.237368684342172,18237.36868434217,,
18.277138569284645,18277.138569284645,,
18.316908454227114,18316.908454227116,,
18.356678339169587,18356.678339169586,,
18.396448224112056,18396.448224112057,,
18.43621810905453,18436.21810905453,,
18.475987993997,18475.987993996998,,
18.51575787893947,18515.757878939472,,
18.55552776388194,18555.52776388194,,
18.595297648824413,18595.297648824413,,
18.635067533766886,18635.067533766887,,
18.674837418709355,18674.837418709354,,
18.714607303651828,18714.60730365183,,
18.754377188594297,18754.3771885943,,
18.79414707353677,18794.14707353677,,
18.83391695847924,18833.91695847924,,
18.873686843421712,18873.686843421714,,
18.913456728364185,18913.456728364185,,
18.953226613306654,18953.226613306655,,
18.992996498249127,18992.996498249126,,
19.032766383191596,19032.766383191596,,
19.07253626813407,19072.53626813407,,
19.11230615307654,19112.306153076537,,
19.15207603801901,19152.07603801901,,
19.19184592296148,19191.845922961482,,
19.231615807903953,19231.615807903952,,
19.271385692846426,19271.385692846427,,
19.311155577788895,19311.155577788893,,
19.350925462731368,19350.925462731368,,
19.390695347673837,19390.695347673838,,
19.43046523261631,19430.46523261631,,
19.47023511755878,19470.23511755878,,
19.510005002501252,19510.005002501253,,
19.549774887443725,19549.774887443724,,
19.589544772386194,19589.544772386194,,
19.629314657328667,19629.31465732867,,
19.669084542271136,19669.084542271135,,
19.70885442721361,19708.85442721361,,
19.74862431215608,19748.624312156076,,
19.78839419709855,19788.39419709855,,
19.82816408204102,19828.16408204102,,
19.867933966983493,19867.93396698349,,
19.907703851925966,19907.703851925966,,
19.947473736868435,19947.473736868436,,
19.987243621810908,19987.243621810907,,
20.027013506753377,20027.013506753377,,
20.06678339169585,20066.78339169585,,
20.10655327663832,20106.55327663832,,
20.146323161580792,20146.323161580793,,
20.18609304652326,20186.09304652326,,
20.225862931465734,20225.862931465734,,
20.265632816408207,20265.632816408208,,
20.305402701350676,20305.402701350675,,
20.34517258629315,20345.17258629315,,
20.384942471235618,20384.94247123562,,
20.42471235617809,20424.71235617809,,
20.46448224112056,20464.48224112056,,
20.504252126063033,20504.252126063035,,
20.544022011005506,20544.022011005505,,
20.583791895947975,20583.791895947976,,
20.623561780890448,20623.561780890446,,
20.663331665832917,20663.331665832917,,
20.70310155077539,20703.10155077539,,
20.74287143571786,20742.871435717858,,
20.782641320660332,20782.641320660332,,
20.8224112056028,20822.411205602803,,
20.862181090545274,20862.181090545273,,
20.901950975487747,20901.950975487747,,
20.941720860430216,20941.720860430218,,
20.98149074537269,20981.49074537269,,
21.021260630315158,21021.26063031516,,
21.06103051525763,21061.03051525763,,
21.1008004002001,21100.8004002001,,
21.140570285142573,21140.570285142574,,
21.180340170085042,21180.34017008504,,
21.220110055027515,21220.110055027515,,
21.259879939969988,21259.87993996999,,
21.299649824912457,21299.649824912456,,
21.33941970985493,21339.41970985493,,
21.3791895947974,21379.1895947974,,
21.418959479739872,21418.95947973987,,
21.45872936468234,21458.729364682342,,
21.498499249624814,21498.499249624812,,
21.538269134567287,21538.269134567287,,
21.578039019509756,21578.039019509757,,
21.61780890445223,21617.808904452228,,
21.657578789394698,21657.578789394698,,
21.69734867433717,21697.348674337172,,
21.73711855927964,21737.11855927964,,
21.776888444222113,21776.888444222113,,
21.816658329164582,21816.658329164584,,
21.856428214107055,21856.428214107054,,
21.896198099049528,21896.19809904953,,
21.935967983991997,21935.967983991995,,
21.97573786893447,21975.73786893447,,
22.01550775387694,22015.50775387694,,
22.055277638819412,22055.27763881941,,
22.09504752376188,22095.04752376188,,
22.134817408704354,22134.817408704355,,
22.174587293646823,22174.587293646822,,
22.214357178589296,22214.357178589296,,
22.25412706353177,22254.12706353177,,
22.293896948474238,22293.896948474237,,
22.33366683341671,22333.66683341671,,
22.37343671835918,22373.43671835918,,
22.413206603301653,22413.206603301653,,
22.452976488244122,22452.976488244123,,
22.492746373186595,22492.746373186594,,
22.532516258129068,22532.516258129068,,
22.572286143071537,22572.28614307154,,
22.61205602801401,22612.05602801401,,
22.65182591295648,22651.82591295648,,
22.69159579789895,22691.59579789895,,
22.73136568284142,22731.36568284142,,
22.771135567783894,22771.135567783895,,
22.810905452726363,22810.90545272636,,
22.850675337668836,22850.675337668836,,
22.89044522261131,22890.44522261131,,
22.930215107553778,22930.215107553777,,
22.96998499249625,22969.98499249625,,
23.00975487743872,23009.75487743872,,
23.049524762381193,23049.524762381192,,
23.089294647323662,23089.294647323663,,
23.129064532266135,23129.064532266133,,
23.168834417208608,23168.834417208607,,
23.208604302151077,23208.604302151078,,
23.24837418709355,23248.37418709355,,
23.28814407203602,23288.14407203602,,
23.32791395697849,23327.913956978493,,
23.36768384192096,23367.68384192096,,
23.407453726863434,23407.453726863434,,
23.447223611805903,23447.223611805905,,
23.486993496748376,23486.993496748375,,
23.52676338169085,23526.76338169085,,
23.566533266633318,23566.533266633316,,
23.60630315157579,23606.30315157579,,
23.64607303651826,23646.07303651826,,
23.685842921460733,23685.84292146073,,
23.725612806403202,23725.612806403202,,
23.765382691345675,23765.382691345676,,
23.805152576288144,23805.152576288143,,
23.844922461230617,23844.922461230617,,
23.88469234617309,23884.69234617309,,
23.92446223111556,23924.462231115558,,
23.96423211605803,23964.232116058032,,
24.0040020010005,24004.0020010005,,
24.043771885942974,24043.771885942973,,
24.083541770885443,24083.541770885444,,
24.123311655827916,24123.311655827914,,
24.16308154077039,24163.08154077039,,
24.202851425712858,24202.85142571286,,
24.24262131065533,24242.62131065533,,
24.2823911955978,24282.3911955978,,
24.322161080540273,24322.161080540274,,
24.361930965482742,24361.93096548274,,
24.401700850425215,24401.700850425215,,
24.441470735367684,24441.470735367682,,
24.481240620310157,24481.240620310156,,
24.52101050525263,24521.01050525263,,
24.5607803901951,24560.780390195097,,
24.60055027513757,24600.55027513757,,
24.64032016008004,24640.320160080042,,
24.680090045022514,24680.090045022513,,
24.719859929964983,24719.859929964983,,
24.759629814907456,24759.629814907457,,
24.799399699849925,24799.399699849924,,
24.839169584792398,24839.1695847924,,
24.87893946973487,24878.93946973487,,
24.91870935467734,24918.70935467734,,
24.958479239619813,24958.479239619814,,
24.99824912456228,24998.24912456228,,
25.038019009504755,25038.019009504755,,
25.077788894447224,25077.788894447225,,
25.117558779389697,25117.558779389696,,
25.15732866433217,25157.32866433217,,
25.19709854927464,25197.09854927464,,
25.23686843421711,25236.86843421711,,
25.27663831915958,25276.63831915958,,
25.316408204102054,25316.408204102052,,
25.356178089044523,25356.178089044522,,
25.395947973986996,25395.947973986997,,
25.435717858929465,25435.717858929464,,
25.475487743871938,25475.487743871938,,
25.51525762881441,25515.257628814412,,
25.55502751375688,25555.02751375688,,
25.594797398699352,25594.797398699353,,
25.63456728364182,25634.567283641823,,
25.674337168584294,25674.337168584294,,
25.714107053526764,25714.107053526765,,
25.753876938469237,25753.876938469235,,
25.79364682341171,25793.64682341171,,
25.83341670835418,25833.41670835418,,
25.87318659329665,25873.18659329665,,
25.91295647823912,25912.95647823912,,
25.952726363181593,25952.726363181595,,
25.992496248124063,25992.496248124062,,
26.032266133066535,26032.266133066536,,
26.072036018009005,26072.036018009007,,
26.111805902951478,26111.805902951477,,
26.15157578789395,26151.57578789395,,0.0
26.19134567283642,26191.345672836418,,0.0
26.231115557778892,26231.115557778892,,0.0
26.27088544272136,26270.885442721363,,0.0
26.310655327663834,26310.655327663833,,0.0
26.350425212606304,26350.425212606304,,0.0
26.390195097548776,26390.195097548778,,0.0
26.429964982491246,26429.964982491245,,0.0
26.46973486743372,26469.73486743372,,0.0
26.50950475237619,26509.50475237619,,0.0
26.54927463731866,26549.27463731866,,0.0
26.589044522261133,26589.044522261134,,0.0
26.628814407203603,26628.8144072036,,0.0
26.668584292146075,26668.584292146075,,0.0
26.708354177088545,26708.354177088546,,0.0
26.748124062031017,26748.124062031016,,0.0
26.78789394697349,26787.89394697349,,0.0
26.82766383191596,26827.66383191596,,0.0
26.867433716858432,26867.43371685843,,0.0
26.9072036018009,26907.203601800902,,0.0
26.946973486743374,26946.973486743373,,0.0
26.986743371685844,26986.743371685843,,0.0
27.026513256628316,27026.513256628317,,0.0
27.066283141570786,27066.283141570784,,0.0
27.10605302651326,27106.05302651326,,0.0
27.14582291145573,27145.822911455733,,0.0
27.1855927963982,27185.5927963982,,0.0
27.225362681340673,27225.362681340674,,0.0
27.265132566283143,27265.132566283144,,0.0
27.304902451225615,27304.902451225615,,0.0
27.344672336168085,27344.672336168085,,0.0
27.384442221110557,27384.442221110556,,0.0
27.424212106053027,27424.212106053026,,0.0
27.4639819909955,27463.9819909955,,0.0
27.503751875937972,27503.75187593797,,0.0
27.54352176088044,27543.52176088044,,0.0
27.583291645822914,27583.291645822916,,0.0
27.623061530765384,27623.061530765382,,0.0
27.662831415707856,27662.831415707857,,0.0
27.702601300650326,27702.601300650327,,0.0
27.7423711855928,27742.371185592798,,0.0
27.78214107053527,27782.141070535272,,0.0
27.82191095547774,27821.91095547774,,0.0
27.861680840420213,27861.680840420213,,0.0
27.901450725362682,27901.450725362683,,0.0
27.941220610305155,27941.220610305154,,0.0
27.980990495247624,27980.990495247624,,0.0
28.020760380190097,28020.7603801901,,0.0
28.060530265132567,28060.530265132566,,0.0
28.10030015007504,28100.30015007504,,0.0
28.140070035017512,28140.070035017514,,0.0
28.17983991995998,28179.83991995998,,0.0
28.219609804902454,28219.609804902455,,0.0
28.259379689844923,28259.37968984492,,0.0
28.299149574787396,28299.149574787396,,0.0
28.338919459729865,28338.919459729867,,0.0
28.37868934467234,28378.689344672337,,0.0
28.41845922961481,28418.45922961481,,0.0
28.45822911455728,28458.22911455728,,0.0
28.497998999499753,28497.998999499752,,0.0
28.537768884442222,28537.768884442223,,0.0
28.577538769384695,28577.538769384697,,0.0
28.617308654327164,28617.308654327164,,0.0
28.657078539269637,28657.078539269638,,0.0
28.696848424212106,28696.848424212105,,0.0
28.73661830915458,28736.61830915458,,0.0
28.776388194097052,28776.388194097053,,0.0
28.81615807903952,28816.15807903952,,0.0
28.855927963981994,28855.927963981994,,0.0
28.895697848924463,28895.697848924465,,0.0
28.935467733866936,28935.467733866935,,0.0
28.975237618809405,28975.237618809406,,0.0
29.015007503751878,29015.00750375188,,0.0
29.054777388694347,29054.777388694347,,0.0
29.09454727363682,29094.54727363682,,0.0
29.134317158579293,29134.31715857929,,0.0
29.174087043521762,29174.087043521762,,0.0
29.213856928464235,29213.856928464236,,0.0
29.253626813406704,29253.626813406703,,0.0
29.293396698349177,29293.396698349177,0.0,0.0
29.333166583291646,29333.166583291648,0.0,0.0
29.37293646823412,29372.93646823412,0.0,0.0
29.412706353176592,29412.706353176593,0.0,0.0
29.45247623811906,29452.47623811906,0.0,0.0
29.492246123061534,29492.246123061534,0.0,0.0
29.532016008004003,29532.016008004004,0.0,0.0
29.571785892946476,29571.785892946475,0.0,0.0
29.611555777888945,29611.555777888945,0.0,0.0
29.651325662831418,29651.32566283142,0.0,0.0
29.691095547773887,29691.095547773886,0.0,0.0
29.73086543271636,29730.86543271636,0.0,0.0
29.770635317658833,29770.635317658835,0.0,0.0
29.810405202601302,29810.4052026013,0.0,0.0
29.850175087543775,29850.175087543776,0.0,0.0
29.889944972486244,29889.944972486242,0.0,0.0
29.929714857428717,29929.714857428717,0.0,0.0
29.969484742371186,29969.484742371187,0.0,0.0
30.00925462731366,30009.254627313658,0.0,0.0
30.04902451225613,30049.02451225613,0.0,0.0
30.0887943971986,30088.794397198602,0.0,0.0
30.128564282141074,30128.564282141073,0.0,0.0
30.168334167083543,30168.334167083543,0.0,0.0
30.208104052026016,30208.104052026018,0.0,0.0
30.247873936968485,30247.873936968484,0.0,0.0
30.287643821910958,30287.64382191096,0.0,0.0
30.327413706853427,30327.413706853426,0.0,0.0
30.3671835917959,30367.1835917959,0.0,0.0
30.406953476738373,30406.953476738374,0.0,0.0
30.446723361680842,30446.72336168084,0.0,0.0
30.486493246623315,30486.493246623315,0.0,0.0
30.526263131565784,30526.263131565785,0.0,0.0
30.566033016508257,30566.033016508256,0.0,0.0
30.605802901450726,30605.802901450726,0.0,0.0
30.6455727863932,30645.5727863932,0.0,0.0
30.68534267133567,30685.342671335668,0.0,0.0
30.72511255627814,30725.11255627814,0.0,0.0
30.764882441220614,30764.882441220612,0.0,0.0
30.804652326163083,30804.652326163083,0.0,0.0
30.844422211105556,30844.422211105557,0.0,0.0
30.884192096048025,30884.192096048024,0.0,0.0
30.923961980990498,30923.961980990498,0.0,0.0
30.963731865932967,30963.73186593297,0.0,0.0
31.00350175087544,31003.50175087544,0.0,0.0
31.04327163581791,31043.27163581791,0.0,0.0
31.083041520760382,31083.041520760384,0.0,0.0
31.122811405702855,31122.811405702854,0.0,0.0
31.162581290645324,31162.581290645325,0.0,0.0
31.202351175587797,31202.351175587795,0.0,0.0
31.242121060530266,31242.121060530266,0.0,0.0
31.28189094547274,31281.89094547274,0.0,0.0
31.321660830415208,31321.660830415207,0.0,0.0
31.36143071535768,31361.43071535768,0.0,0.0
31.401200600300154,31401.200600300155,0.0,0.0
31.440970485242623,31440.970485242622,0.0,0.0
31.480740370185096,31480.740370185096,0.0,0.0
31.520510255127565,31520.510255127567,0.0,0.0
31.560280140070038,31560.280140070037,0.0,0.0
31.600050025012507,31600.050025012508,0.0,0.0
31.63981990995498,31639.81990995498,0.0,0.0
31.67958979489745,31679.58979489745,0.0,0.0
31.719359679839922,31719.359679839923,0.0,0.0
31.759129564782395,31759.129564782394,0.0,0.0
31.798899449724864,31798.899449724864,0.0,0.0
31.838669334667337,31838.66933466734,0.0,0.0
31.878439219609806,31878.439219609805,0.0,0.0
31.91820910455228,31918.20910455228,0.0,0.0
31.957978989494748,31957.97898949475,0.0,0.0
31.99774887443722,31997.74887443722,0.0,0.0
32.037518759379694,32037.518759379695,0.0,0.0
32.07728864432217,32077.288644322165,0.0,0.0
32.11705852926464,32117.05852926464,0.0,0.0
32.156828414207105,32156.828414207106,0.0,0.0
32.19659829914958,32196.598299149577,0.0,0.0
32.23636818409204,32236.368184092044,0.0,0.0
32.276138069034516,32276.138069034518,0.0,0.0
32.31590795397699,32315.90795397699,0.0,0.0
32.35567783891946,32355.677838919462,0.0,0.0
32.395447723861935,32395.447723861937,0.0,0.0
32.43521760880441,32435.217608804407,0.0,0.0
32.47498749374688,32474.98749374688,0.0,0.0
32.514757378689346,32514.757378689344,0.0,0.0
32.55452726363182,32554.52726363182,0.0,0.0
32.59429714857429,32594.297148574293,0.0,0.0
32.63406703351676,32634.067033516756,0.0,0.0
32.67383691845923,32673.83691845923,0.0,0.0
32.7136068034017,32713.606803401704,0.0,0.0
32.753376688344176,32753.376688344175,0.0,0.0
32.79314657328665,32793.14657328665,0.0,0.0
32.832916458229114,32832.91645822911,0.0,0.0
32.87268634317159,32872.68634317159,0.0,0.0
32.91245622811406,32912.45622811406,0.0,0.0
32.95222611305653,32952.22611305653,0.0,0.0
32.991995997999,32991.995997999,0.0,0.0
33.03176588294147,33031.76588294147,0.0,0.0
33.071535767883944,33071.53576788394,0.0,0.0
33.11130565282642,33111.30565282641,0.0,0.0
33.15107553776889,33151.07553776889,,0.0
33.190845422711355,33190.845422711354,,0.0
33.23061530765383,33230.615307653825,,0.0
33.2703851925963,33270.3851925963,,0.0
33.310155077538774,33310.15507753877,,0.0
33.349924962481246,33349.924962481244,,0.0
33.38969484742371,33389.694847423714,,0.0
33.429464732366185,33429.464732366185,,0.0
33.46923461730866,33469.234617308655,,0.0
33.50900450225113,33509.00450225113,,0.0
33.548774387193596,33548.774387193596,,0.0
33.58854427213607,33588.54427213607,,0.0
33.62831415707854,33628.314157078545,,0.0
33.668084042021015,33668.084042021015,,0.0
33.70785392696349,33707.853926963486,,0.0
33.74762381190595,33747.623811905956,,0.0
33.787393696848426,33787.39369684843,,0.0
33.8271635817909,33827.1635817909,,0.0
33.86693346673337,33866.933466733375,,0.0
33.90670335167584,33906.70335167584,,0.0
33.94647323661831,33946.47323661831,,0.0
33.98624312156078,33986.24312156078,,0.0
34.026013006503256,34026.01300650326,,0.0
34.06578289144573,34065.78289144573,,0.0
34.105552776388194,34105.55277638819,,0.0
34.14532266133067,34145.32266133067,,0.0
34.18509254627314,34185.09254627314,,0.0
34.22486243121561,34224.86243121561,,0.0
34.26463231615808,34264.63231615808,,0.0
34.30440220110055,34304.40220110055,,0.0
34.344172086043024,34344.17208604302,,0.0
34.3839419709855,34383.9419709855,,0.0
34.42371185592797,34423.71185592797,,0.0
34.463481740870435,34463.48174087043,,0.0
34.50325162581291,34503.25162581291,,0.0
34.54302151075538,34543.02151075538,,0.0
34.58279139569785,34582.79139569785,,0.0
34.62256128064032,34622.56128064032,,0.0
34.66233116558279,34662.33116558279,,0.0
34.702101050525265,34702.10105052526,,0.0
34.74187093546774,34741.870935467734,,0.0
34.78164082041021,34781.64082041021,,0.0
34.821410705352676,34821.410705352675,,0.0
34.86118059029515,34861.180590295146,,0.0
34.90095047523762,34900.95047523762,,0.0
34.940720360180094,34940.720360180094,,0.0
34.98049024512256,34980.49024512256,,0.0
35.02026013006503,35020.260130065035,,0.0
35.060030015007506,35060.030015007505,,0.0
35.09979989994998,35099.799899949976,,0.0
35.13956978489245,35139.569784892454,,0.0
35.17933966983492,35179.33966983492,,0.0
35.21910955477739,35219.10955477739,,0.0
35.25887943971986,35258.879439719865,,0.0
35.298649324662335,35298.649324662336,,0.0
35.33841920960481,35338.41920960481,,0.0
35.378189094547274,35378.18909454728,,0.0
35.41795897948975,35417.95897948975,,0.0
35.45772886443222,35457.72886443222,,0.0
35.49749874937469,35497.498749374696,,0.0
35.53726863431716,35537.26863431716,,0.0
35.57703851925963,35577.03851925963,,0.0
35.616808404202104,35616.8084042021,,0.0
35.656578289144576,35656.57828914458,,0.0
35.69634817408705,35696.34817408705,,0.0
35.736118059029515,35736.11805902951,,0.0
35.77588794397199,35775.88794397199,,0.0
35.81565782891446,35815.65782891446,,0.0
35.85542771385693,35855.42771385693,,0.0
35.8951975987994,35895.1975987994,,0.0
35.93496748374187,35934.96748374187,,0.0
35.974737368684345,35974.73736868434,,0.0
36.01450725362682,36014.50725362682,,0.0
36.05427713856929,36054.27713856929,,0.0
36.094047023511756,36094.047023511754,,0.0
36.13381690845423,36133.81690845423,,0.0
36.1735867933967,36173.5867933967,,0.0
36.213356678339174,36213.35667833917,,0.0
36.25312656328164,36253.12656328164,,0.0
36.29289644822411,36292.89644822411,,0.0
36.332666333166586,36332.666333166584,,0.0
36.37243621810906,36372.43621810906,,0.0
36.41220610305153,36412.20610305153,,0.0
36.451975987994,36451.975987993996,,0.0
36.49174587293647,36491.745872936466,,0.0
36.53151575787894,36531.515757878944,,0.0
36.571285642821415,36571.285642821415,,0.0
36.61105552776388,36611.05552776388,,0.0
36.650825412706354,36650.825412706356,,0.0
36.69059529764883,36690.595297648826,,0.0
36.7303651825913,36730.3651825913,,0.0
36.77013506753377,36770.135067533774,,0.0
36.80990495247624,36809.90495247624,,0.0
36.84967483741871,36849.67483741871,,0.0
36.88944472236118,36889.444722361186,,0.0
36.929214607303656,36929.21460730366,,0.0
36.96898449224613,36968.98449224613,,0.0
37.008754377188595,37008.7543771886,,0.0
37.04852426213107,37048.52426213107,,0.0
37.08829414707354,37088.29414707354,,0.0
37.12806403201601,37128.06403201602,,0.0
37.16783391695848,37167.83391695848,,0.0
37.20760380190095,37207.60380190095,,0.0
37.247373686843424,37247.37368684343,,0.0
37.2871435717859,37287.1435717859,,0.0
37.32691345672837,37326.91345672837,,0.0
37.366683341670836,37366.68334167083,,0.0
37.40645322661331,37406.45322661331,,0.0
37.44622311155578,37446.22311155578,,0.0
37.485992996498254,37485.99299649825,,0.0
37.52576288144072,37525.76288144072,,0.0
37.56553276638319,37565.53276638319,,0.0
37.605302651325665,37605.30265132566,,0.0
37.64507253626814,37645.07253626814,,0.0
37.68484242121061,37684.84242121061,,0.0
37.72461230615308,37724.612306153074,,0.0
37.76438219109555,37764.38219109555,,0.0
37.80415207603802,37804.15207603802,,0.0
37.843921960980495,37843.92196098049,,0.0
37.88369184592296,37883.691845922964,,0.0
37.923461730865434,37923.461730865434,,0.0
37.963231615807906,37963.231615807905,,0.0
38.00300150075038,38003.00150075038,,0.0
38.04277138569285,38042.77138569285,,0.0
38.08254127063532,38082.541270635316,,0.0
38.12231115557779,38122.31115557779,,0.0
38.16208104052026,38162.081040520265,,0.0
38.201850925462736,38201.850925462735,,0.0
38.2416208104052,38241.6208104052,,0.0
38.281390695347675,38281.390695347676,,0.0
38.32116058029015,38321.16058029015,,0.0
38.36093046523262,38360.93046523262,,0.0
38.40070035017509,38400.700350175095,,0.0
38.44047023511756,38440.47023511756,,0.0
38.48024012006003,38480.24012006003,,0.0
38.520010005002504,38520.01000500251,,0.0
38.55977988994498,38559.77988994498,,0.0
38.59954977488745,38599.54977488745,,0.0
38.639319659829916,38639.31965982992,,0.0
38.67908954477239,38679.08954477239,,0.0
38.71885942971486,38718.85942971486,,0.0
38.758629314657334,38758.62931465734,,0.0
38.7983991995998,38798.3991995998,,0.0
38.83816908454227,38838.16908454227,,0.0
38.877938969484745,38877.93896948475,,0.0
38.91770885442722,38917.70885442722,,0.0
38.95747873936969,38957.47873936969,,0.0
38.99724862431216,38997.24862431215,,0.0
39.03701850925463,39037.01850925463,,0.0
39.0767883941971,39076.7883941971,,0.0
39.116558279139575,39116.55827913957,,0.0
39.15632816408204,39156.32816408204,,0.0
39.19609804902451,39196.09804902451,,0.0
39.235867933966986,39235.86793396698,,0.0
39.27563781890946,39275.63781890946,,0.0
39.31540770385193,39315.40770385193,,0.0
39.3551775887944,39355.177588794395,,0.0
39.39494747373687,39394.94747373687,,0.0
39.43471735867934,39434.71735867934,,0.0
39.474487243621816,39474.487243621814,,0.0
39.51425712856428,39514.257128564284,,0.0
39.554027013506754,39554.027013506755,,0.0
39.59379689844923,39593.796898449225,,0.0
39.6335667833917,39633.5667833917,,0.0
39.67333666833417,39673.336668334174,,0.0
39.71310655327664,39713.10655327664,,0.0
39.75287643821911,39752.876438219115,,0.0
39.792646323161584,39792.646323161585,,0.0
39.83241620810406,39832.416208104056,,0.0
39.87218609304652,39872.18609304652,,0.0
39.911955977988995,39911.955977989,,0.0
39.95172586293147,39951.72586293147,,0.0
39.99149574787394,39991.49574787394,,0.0
40.031265632816414,40031.265632816416,,0.0
40.07103551775888,40071.03551775888,,0.0
40.11080540270135,40110.80540270135,,0.0
40.150575287643825,40150.57528764383,,0.0
40.1903451725863,40190.3451725863,,0.0
40.230115057528764,40230.11505752876,,0.0
40.269884942471236,40269.88494247124,,0.0
40.30965482741371,40309.65482741371,,0.0
40.34942471235618,40349.42471235618,,0.0
40.389194597298655,40389.19459729866,,0.0
40.42896448224112,40428.96448224112,,0.0
40.46873436718359,40468.73436718359,,0.0
40.508504252126066,40508.50425212607,,0.0
40.54827413706854,40548.27413706854,,0.0
40.58804402201101,40588.04402201101,,0.0
40.62781390695348,40627.81390695348,,0.0
40.66758379189595,40667.58379189595,,0.0
40.70735367683842,40707.35367683842,,0.0
40.747123561780896,40747.12356178089,,0.0
40.78689344672336,40786.89344672336,,0.0
40.826663331665834,40826.66333166583,,0.0
40.86643321660831,40866.433216608304,,0.0
40.90620310155078,40906.20310155078,,0.0
40.94597298649325,40945.97298649325,,0.0
40.98574287143572,40985.742871435716,,0.0
41.02551275637819,41025.51275637819,,0.0
41.065282641320664,41065.282641320664,,0.0
41.10505252626314,41105.052526263134,,0.0
41.1448224112056,41144.822411205605,,0.0
41.184592296148075,41184.592296148076,,0.0
41.22436218109055,41224.362181090546,,0.0
41.26413206603302,41264.132066033024,,0.0
41.303901950975494,41303.901950975494,,0.0
41.34367183591796,41343.67183591796,,0.0
41.38344172086043,41383.441720860435,,0.0
41.423211605802905,41423.211605802906,,0.0
41.46298149074538,41462.98149074538,,0.0
41.50275137568784,41502.75137568785,,0.0
41.542521260630316,41542.52126063032,,0.0
41.58229114557279,41582.29114557279,,0.0
41.62206103051526,41622.06103051526,,0.0
41.661830915457735,41661.83091545774,,0.0
41.7016008004002,41701.6008004002,,0.0
41.74137068534267,41741.37068534267,,0.0
41.781140570285146,41781.14057028515,,0.0
41.82091045522762,41820.91045522762,,0.0
41.860680340170084,41860.68034017008,,0.0
41.90045022511256,41900.45022511256,,0.0
41.94022011005503,41940.22011005503,,0.0
41.9799899949975,41979.9899949975,,0.0
42.019759879939976,42019.75987993998,,0.0
42.05952976488244,42059.52976488244,,0.0
42.099299649824914,42099.29964982491,,0.0
42.13906953476739,42139.06953476739,,0.0
42.17883941970986,42178.83941970986,,0.0
42.21860930465233,42218.60930465233,,0.0
42.2583791895948,42258.3791895948,,0.0
42.29814907453727,42298.14907453727,,0.0
42.337918959479744,42337.91895947974,,0.0
42.37768884442222,42377.68884442221,,0.0
42.41745872936468,42417.458729364684,,0.0
42.457228614307155,42457.228614307154,,0.0
42.49699849924963,42496.998499249625,,0.0
42.5367683841921,42536.7683841921,,0.0
42.57653826913457,42576.53826913457,,0.0
42.61630815407704,42616.308154077036,,0.0
42.65607803901951,42656.078039019514,,0.0
42.695847923961985,42695.847923961985,,0.0
42.73561780890446,42735.617808904455,,0.0
42.77538769384692,42775.387693846926,,0.0
42.815157578789396,42815.157578789396,,0.0
42.85492746373187,42854.92746373187,,0.0
42.89469734867434,42894.697348674345,,0.0
42.934467233616814,42934.467233616815,,0.0
42.97423711855928,42974.23711855928,,0.0
43.01400700350175,43014.007003501756,,0.0
43.053776888444226,43053.77688844423,,0.0
43.0935467733867,43093.5467733867,,0.0
43.133316658329164,43133.31665832917,,0.0
43.17308654327164,43173.08654327164,,0.0
43.21285642821411,43212.85642821411,,0.0
43.25262631315658,43252.62631315658,,0.0
43.292396198099055,43292.39619809906,,0.0
43.33216608304152,43332.16608304152,,0.0
43.371935967983994,43371.93596798399,,0.0
43.41170585292647,43411.70585292647,,0.0
43.45147573786894,43451.47573786894,,0.0
43.491245622811405,43491.2456228114,,0.0
43.53101550775388,43531.01550775388,,0.0
43.57078539269635,43570.78539269635,,0.0
43.610555277638824,43610.55527763882,,0.0
43.6503251625813,43650.3251625813,,0.0
43.69009504752376,43690.09504752376,,0.0
43.729864932466235,43729.86493246623,,0.0
43.76963481740871,43769.63481740871,,0.0
43.80940470235118,43809.40470235118,,0.0
43.849174587293646,43849.174587293644,,0.0
43.88894447223612,43888.94447223612,,0.0
43.92871435717859,43928.71435717859,,0.0
43.968484242121065,43968.48424212106,,0.0
44.00825412706354,44008.25412706354,,0.0
44.048024012006,44048.024012006004,,0.0
44.087793896948476,44087.793896948475,,0.0
44.12756378189095,44127.563781890945,,0.0
44.16733366683342,44167.33366683342,,0.0
44.207103551775894,44207.103551775894,,0.0
44.24687343671836,44246.87343671836,,0.0
44.28664332166083,44286.643321660835,,0.0
44.326413206603306,44326.413206603305,,0.0
44.36618309154578,44366.183091545776,,0.0
44.405952976488244,44405.952976488246,,0.0
44.44572286143072,44445.72286143072,,0.0
44.48549274637319,44485.49274637319,,0.0
44.52526263131566,44525.262631315665,,0.0
44.565032516258135,44565.032516258136,,0.0
44.6048024012006,44604.8024012006,,0.0
44.644572286143074,44644.57228614308,,0.0
44.68434217108555,44684.34217108555,,0.0
44.72411205602802,44724.11205602802,,0.0
44.763881940970485,44763.88194097049,,0.0
44.80365182591296,44803.65182591296,,0.0
44.84342171085543,44843.42171085543,,0.0
44.8831915957979,44883.1915957979,,0.0
44.922961480740376,44922.96148074038,,0.0
44.96273136568284,44962.73136568284,,0.0
45.002501250625315,45002.50125062531,,0.0
45.04227113556779,45042.27113556779,,0.0
45.08204102051026,45082.04102051026,,0.0
45.121810905452726,45121.81090545272,,0.0
45.1615807903952,45161.5807903952,,0.0
45.20135067533767,45201.35067533767,,0.0
45.241120560280145,45241.12056028014,,0.0
45.28089044522262,45280.89044522262,,0.0
45.32066033016508,45320.66033016508,,0.0
45.360430215107556,45360.43021510755,,0.0
45.40020010005003,45400.20010005003,,0.0
45.4399699849925,45439.9699849925,,0.0
45.47973986993497,45479.739869934965,,0.0
45.51950975487744,45519.50975487744,,0.0
45.55927963981991,45559.27963981991,,0.0
45.599049524762385,45599.049524762384,,0.0
45.63881940970486,45638.81940970486,,0.0
45.678589294647324,45678.589294647325,,0.0
45.7183591795898,45718.359179589796,,0.0
45.75812906453227,45758.129064532266,,0.0
45.79789894947474,45797.898949474744,,0.0
45.837668834417215,45837.668834417214,,0.0
45.87743871935968,45877.43871935968,,0.0
45.917208604302154,45917.208604302155,,0.0
45.95697848924463,45956.978489244626,,0.0
45.9967483741871,45996.7483741871,,0.0
46.036518259129565,46036.51825912957,,0.0
46.07628814407204,46076.28814407204,,0.0
46.11605802901451,46116.05802901451,,0.0
46.15582791395698,46155.827913956986,,0.0
46.195597798899456,46195.59779889946,,0.0
46.23536768384192,46235.36768384192,,0.0
46.275137568784395,46275.1375687844,,0.0
46.31490745372687,46314.90745372687,,0.0
46.35467733866934,46354.67733866934,,0.0
46.394447223611806,46394.44722361181,,0.0
46.43421710855428,46434.21710855428,,0.0
46.47398699349675,46473.98699349675,,0.0
46.513756878439224,46513.75687843923,,0.0
46.5535267633817,46553.5267633817,,0.0
46.59329664832416,46593.29664832416,,0.0
46.633066533266636,46633.06653326663,,0.0
46.67283641820911,46672.83641820911,,0.0
46.71260630315158,46712.60630315158,,0.0
46.75237618809405,46752.376188094044,,0.0
46.79214607303652,46792.14607303652,,0.0
46.83191595797899,46831.91595797899,,0.0
46.871685842921465,46871.68584292146,,0.0
46.91145572786394,46911.45572786394,,0.0
46.951225612806404,46951.225612806404,,0.0
46.99099549774888,46990.995497748874,,0.0
47.03076538269135,47030.76538269135,,0.0
47.07053526763382,47070.53526763382,,0.0
47.11030515257629,47110.305152576286,,0.0
47.15007503751876,47150.07503751876,,0.0
47.18984492246123,47189.844922461234,,0.0
47.229614807403706,47229.614807403705,,0.0
47.26938469234618,47269.38469234618,,0.0
47.309154577288645,47309.154577288646,,0.0
47.34892446223112,47348.924462231116,,0.0
47.38869434717359,47388.694347173594,,0.0
47.42846423211606,47428.464232116065,,0.0
47.468234117058536,47468.234117058535,,0.0
47.508004002001,47508.004002001,,0.0
47.547773886943475,47547.773886943476,,0.0
47.58754377188595,47587.54377188595,,0.0
47.62731365682842,47627.31365682842,,0.0
47.667083541770886,47667.08354177089,,0.0
47.70685342671336,47706.85342671336,,0.0
47.74662331165583,47746.62331165583,,0.0
47.786393196598304,47786.39319659831,,0.0
47.82616308154078,47826.16308154078,,0.0
47.86593296648324,47865.93296648324,,0.0
47.905702851425715,47905.70285142572,,0.0
47.94547273636819,47945.47273636819,,0.0
47.98524262131066,47985.24262131066,,0.0
48.02501250625313,48025.01250625313,,0.0
48.0647823911956,48064.7823911956,,0.0
48.10455227613807,48104.55227613807,,0.0
48.144322161080545,48144.32216108055,,0.0
48.18409204602302,48184.09204602302,,0.0
48.223861930965484,48223.86193096548,,0.0
48.26363181590796,48263.63181590795,,0.0
48.30340170085043,48303.40170085043,,0.0
48.3431715857929,48343.1715857929,,0.0
48.38294147073537,48382.941470735364,,0.0
48.42271135567784,48422.71135567784,,0.0
48.46248124062031,48462.48124062031,,0.0
48.502251125562786,48502.25112556278,,0.0
48.54202101050526,48542.02101050526,,0.0
48.581790895447725,48581.790895447724,,0.0
48.6215607803902,48621.560780390195,,0.0
48.66133066533267,48661.33066533267,,0.0
48.70110055027514,48701.10055027514,,0.0
48.74087043521761,48740.87043521761,,0.0
48.78064032016008,48780.640320160084,,0.0
48.820410205102554,48820.410205102555,,0.0
48.86018009004503,48860.180090045025,,0.0
48.8999499749875,48899.9499749875,,0.0
48.939719859929966,48939.719859929966,,0.0
48.97948974487244,48979.48974487244,,0.0
49.01925962981491,49019.259629814915,,0.0
49.059029514757384,49059.029514757385,,0.0
49.09879939969985,49098.79939969985,,0.0
49.13856928464232,49138.56928464232,,0.0
49.178339169584795,49178.3391695848,,0.0
49.21810905452727,49218.10905452727,,0.0
49.25787893946974,49257.87893946974,,0.0
49.29764882441221,49297.64882441221,,0.0
49.33741870935468,49337.41870935468,,0.0
49.37718859429715,49377.18859429715,,0.0
49.416958479239625,49416.95847923963,,0.0
49.4567283641821,49456.7283641821,,0.0
49.49649824912456,49496.49824912456,,0.0
49.536268134067036,49536.26813406704,,0.0
49.57603801900951,49576.03801900951,,0.0
49.61580790395198,49615.80790395198,,0.0
49.65557778889445,49655.57778889445,,0.0
49.69534767383692,49695.34767383692,,0.0
49.73511755877939,49735.11755877939,,0.0
49.774887443721866,49774.88744372187,,0.0
49.81465732866434,49814.65732866434,,0.0
49.854427213606805,49854.4272136068,,0.0
49.89419709854928,49894.19709854928,,0.0
49.93396698349175,49933.96698349175,,0.0
49.97373686843422,49973.73686843422,,0.0
50.01350675337669,50013.506753376685,,0.0
50.05327663831916,50053.27663831916,,0.0
50.093046523261634,50093.04652326163,,0.0
50.13281640820411,50132.816408204104,,0.0
50.17258629314658,50172.58629314658,,0.0
50.212356178089045,50212.356178089045,,0.0
50.25212606303152,50252.126063031516,,0.0
50.29189594797399,50291.89594797399,,0.0
50.331665832916464,50331.665832916464,,0.0
50.37143571785893,50371.43571785893,,0.0
50.4112056028014,50411.205602801405,,0.0
50.450975487743875,50450.975487743875,,0.0
50.49074537268635,50490.745372686346,,0.0
50.53051525762882,50530.515257628824,,0.0
50.57028514257129,50570.28514257129,,0.0
50.61005502751376,50610.05502751376,,0.0
50.64982491245623,50649.824912456235,,0.0
50.689594797398705,50689.594797398706,,0.0
50.72936468234117,50729.36468234117,,0.0
50.76913456728364,50769.13456728365,,0.0
50.808904452226116,50808.90445222612,,0.0
50.84867433716859,50848.67433716859,,0.0
50.88844422211106,50888.44422211106,,0.0
50.92821410705353,50928.21410705353,,0.0
50.967983991996,50967.983991996,,0.0
51.00775387693847,51007.75387693847,,0.0
51.047523761880946,51047.52376188095,,0.0
51.08729364682342,51087.29364682342,,0.0
51.127063531765884,51127.06353176588,,0.0
51.16683341670836,51166.83341670836,,0.0
51.20660330165083,51206.60330165083,,0.0
51.2463731865933,51246.3731865933,,0.0
51.28614307153577,51286.14307153577,,0.0
51.32591295647824,51325.91295647824,,0.0
51.365682841420714,51365.68284142071,,0.0
51.40545272636319,51405.45272636319,,0.0
51.44522261130566,51445.22261130566,,0.0
51.484992496248125,51484.992496248124,,0.0
51.5247623811906,51524.7623811906,,0.0
51.56453226613307,51564.53226613307,,0.0
51.604302151075544,51604.30215107554,,0.0
51.64407203601801,51644.07203601801,,0.0
51.68384192096048,51683.84192096048,,0.0
51.723611805902955,51723.611805902954,,0.0
51.76338169084543,51763.381690845425,,0.0
51.8031515757879,51803.1515757879,,0.0
51.842921460730366,51842.921460730366,,0.0
51.88269134567284,51882.691345672836,,0.0
51.92246123061531,51922.461230615314,,0.0
51.962231115557785,51962.231115557785,,0.0
52.00200100050025,52002.00100050025,,0.0
52.04177088544272,52041.770885442726,,0.0
52.081540770385196,52081.540770385196,,0.0
52.12131065532767,52121.31065532767,,0.0
52.16108054027014,52161.080540270144,,0.0
52.20085042521261,52200.85042521261,,0.0
52.24062031015508,52240.62031015508,,0.0
52.28039019509755,52280.390195097556,,0.0
52.320160080040026,52320.16008004003,,0.0
52.35992996498249,52359.92996498249,,0.0
52.399699849924964,52399.69984992497,,0.0
52.43946973486744,52439.46973486744,,0.0
52.47923961980991,52479.23961980991,,0.0
52.51900950475238,52519.00950475238,,0.0
52.55877938969485,52558.77938969485,,0.0
52.59854927463732,52598.54927463732,,0.0
52.638319159579794,52638.31915957979,,0.0
52.67808904452227,52678.08904452227,,0.0
52.71785892946473,52717.85892946473,,0.0
52.757628814407205,52757.6288144072,,0.0
52.79739869934968,52797.39869934968,,0.0
52.83716858429215,52837.16858429215,,0.0
52.876938469234624,52876.93846923462,,0.0
52.91670835417709,52916.70835417709,,0.0
52.95647823911956,52956.47823911956,,0.0
52.996248124062035,52996.24812406203,,0.0
53.03601800900451,53036.01800900451,,0.0
53.07578789394698,53075.78789394698,,0.0
53.115557778889446,53115.557778889444,,0.0
53.15532766383192,53155.32766383192,,0.0
53.19509754877439,53195.09754877439,,0.0
53.234867433716865,53234.86743371686,,0.0
53.27463731865933,53274.637318659334,,0.0
53.3144072036018,53314.407203601804,,0.0
53.354177088544276,53354.177088544275,,0.0
53.39394697348675,53393.946973486745,,0.0
53.43371685842922,53433.71685842922,,0.0
53.47348674337169,53473.486743371686,,0.0
53.51325662831416,53513.25662831416,,0.0
53.55302651325663,53553.026513256635,,0.0
53.592796398199106,53592.796398199105,,0.0
53.63256628314157,53632.56628314157,,0.0
53.672336168084044,53672.336168084046,,0.0
53.71210605302652,53712.10605302652,,0.0
53.75187593796899,53751.87593796899,,0.0
53.79164582291146,53791.645822911465,,0.0
53.83141570785393,53831.41570785393,,0.0
53.8711855927964,53871.1855927964,,0.0
53.910955477738874,53910.95547773888,,0.0
53.95072536268135,53950.72536268135,,0.0
53.99049524762381,53990.49524762381,,0.0
54.030265132566285,54030.26513256629,,0.0
54.07003501750876,54070.03501750876,,0.0
54.10980490245123,54109.80490245123,,0.0
54.1495747873937,54149.57478739371,,0.0
54.18934467233617,54189.34467233617,,0.0
54.22911455727864,54229.11455727864,,0.0
54.268884442221115,54268.88444222111,,0.0
54.30865432716359,54308.65432716359,,0.0
54.34842421210605,54348.42421210605,,0.0
54.388194097048526,54388.19409704852,,0.0
54.427963981991,54427.963981991,,0.0
54.46773386693347,54467.73386693347,,0.0
54.507503751875944,54507.50375187594,,0.0
54.54727363681841,54547.27363681841,,0.0
54.58704352176088,54587.04352176088,,0.0
54.626813406703356,54626.81340670335,,0.0
54.66658329164583,54666.58329164583,,0.0
54.7063531765883,54706.3531765883,,0.0
54.74612306153077,54746.123061530765,,0.0
54.78589294647324,54785.89294647324,,0.0
54.82566283141571,54825.66283141571,,0.0
54.865432716358185,54865.432716358184,,0.0
54.90520260130065,54905.202601300654,,0.0
54.944972486243124,54944.972486243125,,0.0
54.9847423711856,54984.742371185595,,0.0
55.02451225612807,55024.512256128066,,0.0
55.06428214107054,55064.282141070544,,0.0
55.10405202601301,55104.05202601301,,0.0
55.14382191095548,55143.82191095548,,0.0
55.183591795897954,55183.591795897955,,0.0
55.223361680840426,55223.361680840426,,0.0
55.26313156578289,55263.13156578289,,0.0
55.302901450725365,55302.90145072537,,0.0
55.34267133566784,55342.67133566784,,0.0
55.38244122061031,55382.44122061031,,0.0
55.42221110555278,55422.211105552786,,0.0
55.46198099049525,55461.98099049525,,0.0
55.50175087543772,55501.75087543772,,0.0
55.541520760380195,55541.5207603802,,0.0
55.58129064532267,55581.29064532267,,0.0
55.62106053026513,55621.06053026513,,0.0
55.660830415207606,55660.83041520761,,0.0
55.70060030015008,55700.60030015008,,0.0
55.74037018509255,55740.37018509255,,0.0
55.780140070035024,55780.14007003503,,0.0
55.81990995497749,55819.90995497749,,0.0
55.85967983991996,55859.67983991996,,0.0
55.899449724862436,55899.44972486243,,0.0
55.93921960980491,55939.21960980491,,0.0
55.978989494747374,55978.98949474737,,0.0
56.01875937968985,56018.75937968984,,0.0
56.05852926463232,56058.52926463232,,0.0
56.09829914957479,56098.29914957479,,0.0
56.138069034517265,56138.06903451726,,0.0
56.17783891945973,56177.83891945973,,0.0
56.217608804402204,56217.6088044022,,0.0
56.25737868934468,56257.378689344674,,0.0
56.29714857428715,56297.14857428715,,0.0
56.33691845922962,56336.91845922962,,0.0
56.37668834417209,56376.688344172086,,0.0
56.41645822911456,56416.45822911456,,0.0
56.45622811405703,56456.228114057034,,0.0
56.495997998999506,56495.997998999504,,0.0
56.53576788394197,56535.767883941975,,0.0
56.575537768884445,56575.537768884446,,0.0
56.61530765382692,56615.307653826916,,0.0
56.65507753876939,56655.077538769394,,0.0
56.69484742371186,56694.847423711864,,0.0
56.73461730865433,56734.61730865433,,0.0
56.7743871935968,56774.3871935968,,0.0
56.814157078539274,56814.157078539276,,0.0
56.85392696348175,56853.92696348175,,0.0
56.89369684842421,56893.69684842421,,0.0
56.933466733366686,56933.46673336669,,0.0
56.97323661830916,56973.23661830916,,0.0
57.01300650325163,57013.00650325163,,0.0
57.052776388194104,57052.77638819411,,0.0
57.09254627313657,57092.54627313657,,0.0
57.13231615807904,57132.31615807904,,0.0
57.172086043021515,57172.08604302152,,0.0
57.21185592796399,57211.85592796399,,0.0
57.251625812906454,57251.62581290645,,0.0
57.29139569784893,57291.39569784893,,0.0
57.3311655827914,57331.1655827914,,0.0
57.37093546773387,57370.93546773387,,0.0
57.410705352676345,57410.70535267635,,0.0
57.45047523761881,57450.47523761881,,0.0
57.490245122561284,57490.24512256128,,0.0
57.530015007503756,57530.01500750376,,0.0
57.56978489244623,57569.78489244623,,0.0
57.609554777388695,57609.554777388694,,0.0
57.64932466233117,57649.324662331164,,0.0
57.68909454727364,57689.09454727364,,0.0
57.72886443221611,57728.86443221611,,0.0
57.768634317158586,57768.63431715858,,0.0
57.80840420210105,57808.404202101054,,0.0
57.848174087043525,57848.174087043524,,0.0
57.887943971986,57887.943971985995,,0.0
57.92771385692847,57927.71385692847,,0.0
57.967483741870936,57967.483741870936,,0.0
58.00725362681341,58007.253626813406,,0.0
58.04702351175588,58047.023511755884,,0.0
58.086793396698354,58086.793396698355,,0.0
58.12656328164083,58126.563281640825,,0.0
58.16633316658329,58166.333166583296,,0.0
58.206103051525766,58206.103051525766,,0.0
58.24587293646824,58245.87293646824,,0.0
58.28564282141071,58285.642821410715,,0.0
58.325412706353184,58325.412706353185,,0.0
58.36518259129565,58365.18259129565,,0.0
58.40495247623812,58404.95247623812,,0.0
58.444722361180595,58444.7223611806,,0.0
58.48449224612307,58484.49224612307,,0.0
58.524262131065534,58524.26213106553,,0.0
58.56403201600801,58564.03201600801,,0.0
58.60380190095048,58603.80190095048,,0.0
58.64357178589295,58643.57178589295,,0.0
58.683341670835425,58683.34167083543,,0.0
58.72311155577789,58723.11155577789,,0.0
58.76288144072036,58762.88144072036,,0.0
58.802651325662836,58802.65132566284,,0.0
58.84242121060531,58842.42121060531,,0.0
58.882191095547775,58882.19109554777,,0.0
58.92196098049025,58921.96098049025,,0.0
58.96173086543272,58961.73086543272,,0.0
59.00150075037519,59001.50075037519,,0.0
59.041270635317666,59041.27063531767,,0.0
59.08104052026013,59081.04052026013,,0.0
59.120810405202604,59120.8104052026,,0.0
59.16058029014508,59160.58029014508,,0.0
59.20035017508755,59200.35017508755,,0.0
59.240120060030016,59240.120060030014,,0.0
59.27988994497249,59279.889944972485,,0.0
59.31965982991496,59319.65982991496,,0.0
59.359429714857434,59359.42971485743,,0.0
59.39919959979991,59399.199599799904,,0.0
59.43896948474237,59438.969484742374,,0.0
59.478739369684845,59478.739369684845,,0.0
59.51850925462732,59518.509254627315,,0.0
59.55827913956979,59558.27913956979,,0.0
59.59804902451226,59598.04902451226,,0.0
59.63781890945473,59637.81890945473,,0.0
59.6775887943972,59677.588794397205,,0.0
59.717358679339675,59717.358679339675,,0.0
59.75712856428215,59757.128564282146,,0.0
59.796898449224614,59796.898449224616,,0.0
59.836668334167086,59836.66833416709,,0.0
59.87643821910956,59876.43821910956,,0.0
59.91620810405203,59916.208104052035,,0.0
59.955977988994505,59955.977988994506,,0.0
59.99574787393697,59995.74787393697,,0.0
60.03551775887944,60035.51775887945,,0.0
60.075287643821916,60075.28764382192,,0.0
60.11505752876439,60115.05752876439,,0.0
60.154827413706855,60154.82741370685,,0.0
60.19459729864933,60194.59729864933,,0.0
60.2343671835918,60234.3671835918,,0.0
60.27413706853427,60274.13706853427,,0.0
60.313906953476746,60313.90695347675,,0.0
60.35367683841921,60353.67683841921,,0.0
60.393446723361684,60393.44672336168,,0.0
60.43321660830416,60433.21660830416,,0.0
60.47298649324663,60472.98649324663,,0.0
60.512756378189096,60512.75637818909,,0.0
60.55252626313157,60552.52626313157,,0.0
60.59229614807404,60592.29614807404,,0.0
60.632066033016514,60632.06603301651,,0.0
60.67183591795899,60671.83591795899,,0.0
60.71160580290145,60711.60580290145,,0.0
60.751375687843925,60751.37568784392,,0.0
60.7911455727864,60791.1455727864,,0.0
60.83091545772887,60830.91545772887,,0.0
60.87068534267134,60870.685342671335,,0.0
60.91045522761381,60910.45522761381,,0.0
60.95022511255628,60950.22511255628,,0.0
60.989994997498755,60989.994997498754,,0.0
61.02976488244123,61029.764882441224,,0.0
61.06953476738369,61069.534767383695,,0.0
61.109304652326166,61109.304652326166,,0.0
61.14907453726864,61149.074537268636,,0.0
61.18884442221111,61188.844422211114,,0.0
61.22861430715358,61228.61430715358,,0.0
61.26838419209605,61268.38419209605,,0.0
61.30815407703852,61308.154077038525,,0.0
61.347923961980996,61347.923961980996,,0.0
61.38769384692347,61387.69384692347,,0.0
61.427463731865934,61427.46373186594,,0.0
61.46723361680841,61467.23361680841,,0.0
61.50700350175088,61507.00350175088,,0.0
61.54677338669335,61546.773386693356,,0.0
61.58654327163582,61586.54327163582,,0.0
61.62631315657829,61626.31315657829,,0.0
61.666083041520764,61666.08304152077,,0.0
61.70585292646324,61705.85292646324,,0.0
61.74562281140571,61745.62281140571,,0.0
61.785392696348175,61785.39269634818,,0.0
61.82516258129065,61825.16258129065,,0.0
61.86493246623312,61864.93246623312,,0.0
61.904702351175594,61904.70235117559,,0.0
61.94447223611807,61944.47223611807,,0.0
61.98424212106053,61984.24212106053,,0.0
62.024012006003005,62024.012006003,,0.0
62.06378189094548,62063.78189094548,,0.0
62.10355177588795,62103.55177588795,,0.0
62.143321660830416,62143.321660830414,,0.0
62.18309154577289,62183.09154577289,,0.0
62.22286143071536,62222.86143071536,,0.0
62.262631315657835,62262.63131565783,,0.0
62.30240120060031,62302.40120060031,,0.0
62.34217108554277,62342.171085542774,,0.0
62.381940970485246,62381.940970485244,,0.0
62.42171085542772,62421.71085542772,,0.0
62.46148074037019,62461.48074037019,,0.0
62.50125062531266,62501.250625312656,,0.0
62.54102051025513,62541.02051025513,,0.0
62.5807903951976,62580.790395197604,,0.0
62.620560280140076,62620.560280140075,,0.0
62.66033016508255,62660.330165082545,,0.0
62.700100050025014,62700.100050025016,,0.0
62.73986993496749,62739.869934967486,,0.0
62.77963981990996,62779.63981990996,,0.0
62.81940970485243,62819.409704852435,,0.0
62.8591795897949,62859.1795897949,,0.0
62.89894947473737,62898.94947473737,,0.0
62.938719359679844,62938.719359679846,,0.0
62.97848924462232,62978.48924462232,,0.0
63.01825912956479,63018.25912956479,,0.0
63.058029014507255,63058.02901450726,,0.0
63.09779889944973,63097.79889944973,,0.0
63.1375687843922,63137.5687843922,,0.0
63.177338669334674,63177.33866933468,,0.0
63.21710855427714,63217.10855427714,,0.0
63.25687843921961,63256.87843921961,,0.0
63.296648324162085,63296.64832416209,,0.0
63.33641820910456,63336.41820910456,,0.0
63.37618809404703,63376.18809404703,,0.0
63.415957978989496,63415.9579789895,,0.0
63.45572786393197,63455.72786393197,,0.0
63.49549774887444,63495.49774887444,,0.0
63.535267633816915,63535.26763381691,,0.0
63.57503751875939,63575.03751875939,,0.0
63.61480740370185,63614.80740370185,,0.0
63.654577288644326,63654.57728864432,,0.0
63.6943471735868,63694.3471735868,,0.0
63.73411705852927,63734.11705852927,,0.0
63.77388694347174,63773.886943471734,,0.0
63.81365682841421,63813.65682841421,,0.0
63.85342671335668,63853.42671335668,,0.0
63.893196598299156,63893.19659829915,,0.0
63.93296648324163,63932.96648324163,,0.0
63.972736368184094,63972.736368184094,,0.0
64.01250625312656,64012.50625312656,,0.0
64.05227613806903,64052.276138069035,,0.0
64.0920460230115,64092.046023011506,,0.0
64.13181590795398,64131.81590795398,,0.0
64.17158579289645,64171.585792896454,,0.0
64.21135567783892,64211.355677838925,,0.0
64.2511255627814,64251.125562781395,,0.0
64.29089544772387,64290.89544772387,,0.0
64.33066533266634,64330.66533266634,,0.0
64.37043521760882,64370.435217608814,,0.0
64.41020510255129,64410.205102551285,,0.0
64.44997498749376,64449.97498749376,,0.0
64.48974487243622,64489.74487243622,,0.0
64.52951475737869,64529.51475737869,,0.0
64.56928464232116,64569.28464232117,,0.0
64.60905452726364,64609.05452726364,,0.0
64.64882441220611,64648.82441220611,,0.0
64.68859429714858,64688.594297148586,,0.0
64.72836418209106,64728.364182091056,,0.0
64.76813406703351,64768.13406703351,,0.0
64.80790395197599,64807.90395197599,,0.0
64.84767383691846,64847.67383691846,,0.0
64.88744372186093,64887.44372186093,,0.0
64.9272136068034,64927.21360680341,,0.0
64.96698349174588,64966.98349174588,,0.0
65.00675337668835,65006.75337668835,,0.0
65.04652326163082,65046.52326163083,,0.0
65.0862931465733,65086.2931465733,,0.0
65.12606303151576,65126.063031515754,,0.0
65.16583291645823,65165.83291645823,,0.0
65.2056028014007,65205.6028014007,,0.0
65.24537268634317,65245.37268634317,,0.0
65.28514257128565,65285.14257128564,,0.0
65.32491245622812,65324.91245622812,,0.0
65.36468234117059,65364.68234117059,,0.0
65.40445222611307,65404.45222611306,,0.0
65.44422211105554,65444.22211105554,,0.0
65.483991995998,65483.991995997996,,0.0
65.52376188094047,65523.76188094047,,0.0
65.56353176588294,65563.53176588294,,0.0
65.60330165082541,65603.30165082542,,0.0
65.64307153576789,65643.07153576789,,0.0
65.68284142071036,65682.84142071036,,0.0
65.72261130565283,65722.61130565283,,0.0
65.7623811905953,65762.3811905953,,0.0
65.80215107553778,65802.15107553778,,0.0
65.84192096048024,65841.92096048023,,0.0
65.88169084542271,65881.69084542271,,0.0
65.92146073036518,65921.46073036519,,0.0
65.96123061530766,65961.23061530765,,0.0
66.00100050025013,66001.00050025013,,0.0
66.0407703851926,66040.7703851926,,0.0
66.08054027013507,66080.54027013507,,0.0
66.12031015507755,66120.31015507755,,0.0
66.16008004002002,66160.08004002002,,0.0
66.19984992496249,66199.84992496249,,0.0
66.23961980990495,66239.61980990495,,0.0
66.27938969484742,66279.38969484743,,0.0
66.3191595797899,66319.15957978989,,0.0
66.35892946473237,66358.92946473237,,0.0
66.39869934967484,66398.69934967485,,0.0
66.43846923461732,66438.46923461731,,0.0
66.47823911955979,66478.23911955979,,0.0
66.51800900450226,66518.00900450227,,0.0
66.55777888944473,66557.77888944473,,0.0
66.59754877438719,66597.54877438719,,0.0
66.63731865932967,66637.31865932967,,0.0
66.67708854427214,66677.08854427213,,0.0
66.71685842921461,66716.85842921461,,0.0
66.75662831415708,66756.62831415709,,0.0
66.79639819909956,66796.39819909955,,0.0
66.83616808404203,66836.16808404203,,0.0
66.8759379689845,66875.93796898451,,0.0
66.91570785392697,66915.70785392697,,0.0
66.95547773886943,66955.47773886943,,0.0
66.9952476238119,66995.24762381191,,0.0
67.03501750875438,67035.01750875438,,0.0
67.07478739369685,67074.78739369685,,0.0
67.11455727863932,67114.55727863933,,0.0
67.1543271635818,67154.3271635818,,0.0
67.19409704852427,67194.09704852427,,0.0
67.23386693346674,67233.86693346675,,0.0
67.27363681840922,67273.63681840921,,0.0
67.31340670335167,67313.40670335168,,0.0
67.35317658829415,67353.17658829414,,0.0
67.39294647323662,67392.94647323662,,0.0
67.43271635817909,67432.7163581791,,0.0
67.47248624312157,67472.48624312156,,0.0
67.51225612806404,67512.25612806404,,0.0
67.55202601300651,67552.02601300651,,0.0
67.59179589794898,67591.79589794898,,0.0
67.63156578289146,67631.56578289146,,0.0
67.67133566783392,67671.33566783392,,0.0
67.71110555277639,67711.10555277638,,0.0
67.75087543771886,67750.87543771886,,0.0
67.79064532266133,67790.64532266134,,0.0
67.8304152076038,67830.4152076038,,0.0
67.87018509254628,67870.18509254628,,0.0
67.90995497748875,67909.95497748876,,0.0
67.94972486243122,67949.72486243122,,0.0
67.9894947473737,67989.4947473737,,0.0
68.02926463231616,68029.26463231616,,0.0
68.06903451725863,68069.03451725862,,0.0
68.1088044022011,68108.8044022011,,0.0
68.14857428714357,68148.57428714358,,0.0
68.18834417208605,68188.34417208604,,0.0
68.22811405702852,68228.11405702852,,0.0
68.267883941971,68267.883941971,,0.0
68.30765382691347,68307.65382691346,,0.0
68.34742371185594,68347.42371185594,,0.0
68.3871935967984,68387.1935967984,,0.0
68.42696348174087,68426.96348174087,,0.0
68.46673336668334,68466.73336668334,,0.0
68.50650325162582,68506.50325162582,,0.0
68.54627313656829,68546.27313656828,,0.0
68.58604302151076,68586.04302151076,,0.0
68.62581290645323,68625.81290645324,,0.0
68.6655827913957,68665.5827913957,,0.0
68.70535267633818,68705.35267633818,,0.0
68.74512256128064,68745.12256128064,,0.0
68.78489244622311,68784.89244622311,,0.0
68.82466233116558,68824.66233116559,,0.0
68.86443221610806,68864.43221610806,,0.0
68.90420210105053,68904.20210105053,,0.0
68.943971985993,68943.971985993,,0.0
68.98374187093548,68983.74187093547,,0.0
69.02351175587795,69023.51175587795,,0.0
69.06328164082042,69063.28164082042,,0.0
69.10305152576288,69103.05152576287,,0.0
69.14282141070535,69142.82141070535,,0.0
69.18259129564782,69182.59129564783,,0.0
69.2223611805903,69222.36118059029,,0.0
69.26213106553277,69262.13106553277,,0.0
69.30190095047524,69301.90095047525,,0.0
69.34167083541772,69341.67083541771,,0.0
69.38144072036019,69381.44072036019,,0.0
69.42121060530266,69421.21060530267,,0.0
69.46098049024512,69460.98049024511,,0.0
69.5007503751876,69500.75037518759,,0.0
69.54052026013007,69540.52026013007,,0.0
69.58029014507254,69580.29014507253,,0.0
69.62006003001501,69620.06003001501,,0.0
69.65982991495748,69659.82991495749,,0.0
69.69959979989996,69699.59979989995,,0.0
69.73936968484243,69739.36968484243,,0.0
69.7791395697849,69779.13956978491,,0.0
69.81890945472738,69818.90945472737,,0.0
69.85867933966983,69858.67933966983,,0.0
69.8984492246123,69898.44922461231,,0.0
69.93821910955478,69938.21910955478,,0.0
69.97798899449725,69977.98899449725,,0.0
70.01775887943973,70017.75887943973,,0.0
70.0575287643822,70057.5287643822,,0.0
70.09729864932467,70097.29864932467,,0.0
70.13706853426714,70137.06853426715,,0.0
70.17683841920962,70176.83841920961,,0.0
70.21660830415207,70216.60830415208,,0.0
70.25637818909455,70256.37818909455,,0.0
70.29614807403702,70296.14807403702,,0.0
70.3359179589795,70335.9179589795,,0.0
70.37568784392197,70375.68784392197,,0.0
70.41545772886444,70415.45772886444,,0.0
70.45522761380691,70455.22761380691,,0.0
70.49499749874938,70494.99749874939,,0.0
70.53476738369186,70534.76738369185,,0.0
70.57453726863432,70574.53726863432,,0.0
70.61430715357679,70614.3071535768,,0.0
70.65407703851926,70654.07703851926,,0.0
70.69384692346173,70693.84692346174,,0.0
70.73361680840421,70733.6168084042,,0.0
70.77338669334668,70773.38669334668,,0.0
70.81315657828915,70813.15657828916,,0.0
70.85292646323163,70852.92646323162,,0.0
70.8926963481741,70892.6963481741,,0.0
70.93246623311656,70932.46623311656,,0.0
70.97223611805903,70972.23611805902,,0.0
71.0120060030015,71012.0060030015,,0.0
71.05177588794398,71051.77588794398,,0.0
71.09154577288645,71091.54577288644,,0.0
71.13131565782892,71131.31565782892,,0.0
71.1710855427714,71171.0855427714,,0.0
71.21085542771387,71210.85542771386,,0.0
71.25062531265634,71250.62531265634,,0.0
71.2903951975988,71290.3951975988,,0.0
71.33016508254127,71330.16508254127,,0.0
71.36993496748374,71369.93496748374,,0.0
71.40970485242622,71409.70485242622,,0.0
71.44947473736869,71449.47473736868,,0.0
71.48924462231116,71489.24462231116,,0.0
71.52901450725363,71529.01450725364,,0.0
71.56878439219611,71568.7843921961,,0.0
71.60855427713858,71608.55427713858,,0.0
71.64832416208104,71648.32416208104,,0.0
71.68809404702351,71688.09404702351,,0.0
71.72786393196598,71727.86393196599,,0.0
71.76763381690846,71767.63381690846,,0.0
71.80740370185093,71807.40370185093,,0.0
71.8471735867934,71847.1735867934,,0.0
71.88694347173588,71886.94347173588,,0.0
71.92671335667835,71926.71335667835,,0.0
71.96648324162082,71966.48324162082,,0.0
72.00625312656328,72006.25312656329,,0.0
72.04602301150575,72046.02301150575,,0.0
72.08579289644823,72085.79289644823,,0.0
72.1255627813907,72125.5627813907,,0.0
72.16533266633317,72165.33266633317,,0.0
72.20510255127564,72205.10255127565,,0.0
72.24487243621812,72244.87243621812,,0.0
72.28464232116059,72284.64232116059,,0.0
72.32441220610306,72324.41220610306,,0.0
72.36418209104552,72364.18209104553,,0.0
72.403951975988,72403.95197598799,,0.0
72.44372186093047,72443.72186093047,,0.0
72.48349174587294,72483.49174587293,,0.0
72.52326163081541,72523.26163081541,,0.0
72.56303151575788,72563.03151575789,,0.0
72.60280140070036,72602.80140070035,,0.0
72.64257128564283,72642.57128564283,,0.0
72.6823411705853,72682.3411705853,,0.0
72.72211105552776,72722.11105552776,,0.0
72.76188094047023,72761.88094047023,,0.0
72.80165082541271,72801.65082541271,,0.0
72.84142071035518,72841.42071035517,,0.0
72.88119059529765,72881.19059529765,,0.0
72.92096048024013,72920.96048024013,,0.0
72.9607303651826,72960.7303651826,,0.0
73.00050025012507,73000.50025012507,,0.0
73.04027013506754,73040.27013506755,,0.0
73.08004002001,73080.04002001,,0.0
73.11980990495248,73119.80990495248,,0.0
73.15957978989495,73159.57978989495,,0.0
73.19934967483742,73199.34967483742,,0.0
73.2391195597799,73239.1195597799,,0.0
73.27888944472237,73278.88944472237,,0.0
73.31865932966484,73318.65932966484,,0.0
73.35842921460731,73358.42921460731,,0.0
73.39819909954979,73398.19909954979,,0.0
73.43796898449226,73437.96898449225,,0.0
73.47773886943472,73477.73886943472,,0.0
73.51750875437719,73517.5087543772,,0.0
73.55727863931966,73557.27863931966,,0.0
73.59704852426214,73597.04852426214,,0.0
73.63681840920461,73636.81840920461,,0.0
73.67658829414708,73676.58829414708,,0.0
73.71635817908955,73716.35817908956,,0.0
73.75612806403203,73756.12806403203,,0.0
73.7958979489745,73795.8979489745,,0.0
73.83566783391696,73835.66783391696,,0.0
73.87543771885943,73875.43771885944,,0.0
73.9152076038019,73915.2076038019,,0.0
73.95497748874438,73954.97748874438,,0.0
73.99474737368685,73994.74737368686,,0.0
74.03451725862932,74034.51725862932,,0.0
74.0742871435718,74074.2871435718,,0.0
74.11405702851427,74114.05702851426,,0.0
74.15382691345674,74153.82691345674,,0.0
74.1935967983992,74193.5967983992,,0.0
74.23336668334167,74233.36668334166,,0.0
74.27313656828414,74273.13656828414,,0.0
74.31290645322662,74312.90645322662,,0.0
74.35267633816909,74352.67633816908,,0.0
74.39244622311156,74392.44622311156,,0.0
74.43221610805404,74432.21610805404,,0.0
74.47198599299651,74471.9859929965,,0.0
74.51175587793898,74511.75587793898,,0.0
74.55152576288144,74551.52576288144,,0.0
74.59129564782391,74591.2956478239,,0.0
74.63106553276639,74631.06553276638,,0.0
74.67083541770886,74670.83541770886,,0.0
74.71060530265133,74710.60530265133,,0.0
74.7503751875938,74750.3751875938,,0.0
74.79014507253628,74790.14507253628,,0.0
74.82991495747875,74829.91495747874,,0.0
74.86968484242122,74869.68484242122,,0.0
74.90945472736368,74909.45472736369,,0.0
74.94922461230615,74949.22461230615,,0.0
74.98899449724863,74988.99449724863,,0.0
75.0287643821911,75028.7643821911,,0.0
75.06853426713357,75068.53426713357,,0.0
75.10830415207604,75108.30415207605,,0.0
75.14807403701852,75148.07403701852,,0.0
75.18784392196099,75187.84392196099,,0.0
75.22761380690346,75227.61380690346,,0.0
75.26738369184592,75267.38369184593,,0.0
75.3071535767884,75307.15357678839,,0.0
75.34692346173087,75346.92346173087,,0.0
75.38669334667334,75386.69334667335,,0.0
75.42646323161581,75426.46323161581,,0.0
75.46623311655829,75466.23311655829,,0.0
75.50600300150076,75506.00300150077,,0.0
75.54577288644323,75545.77288644323,,0.0
75.5855427713857,75585.5427713857,,0.0
75.62531265632816,75625.31265632817,,0.0
75.66508254127064,75665.08254127063,,0.0
75.70485242621311,75704.85242621311,,0.0
75.74462231115558,75744.62231115557,,0.0
75.78439219609805,75784.39219609805,,0.0
75.82416208104053,75824.16208104053,,0.0
75.863931965983,75863.93196598299,,0.0
75.90370185092547,75903.70185092547,,0.0
75.94347173586794,75943.47173586795,,0.0
75.9832416208104,75983.2416208104,,0.0
76.02301150575288,76023.01150575287,,0.0
76.06278139069535,76062.78139069535,,0.0
76.10255127563782,76102.55127563782,,0.0
76.1423211605803,76142.3211605803,,0.0
76.18209104552277,76182.09104552277,,0.0
76.22186093046524,76221.86093046523,,0.0
76.26163081540771,76261.63081540771,,0.0
76.30140070035019,76301.40070035019,,0.0
76.34117058529264,76341.17058529264,,0.0
76.38094047023512,76380.94047023512,,0.0
76.42071035517759,76420.7103551776,,0.0
76.46048024012006,76460.48024012006,,0.0
76.50025012506254,76500.25012506254,,0.0
76.54002001000501,76540.02001000501,,0.0
76.57978989494748,76579.78989494748,,0.0
76.61955977988995,76619.55977988995,,0.0
76.65932966483243,76659.32966483243,,0.0
76.6990995497749,76699.0995497749,,0.0
76.73886943471736,76738.86943471736,,0.0
76.77863931965983,76778.63931965984,,0.0
76.8184092046023,76818.4092046023,,0.0
76.85817908954478,76858.17908954478,,0.0
76.89794897448725,76897.94897448726,,0.0
76.93771885942972,76937.71885942972,,0.0
76.9774887443722,76977.4887443722,,0.0
77.01725862931467,77017.25862931467,,0.0
77.05702851425714,77057.02851425714,,0.0
77.0967983991996,77096.7983991996,,0.0
77.13656828414207,77136.56828414208,,0.0
77.17633816908454,77176.33816908454,,0.0
77.21610805402702,77216.10805402702,,0.0
77.25587793896949,77255.8779389695,,0.0
77.29564782391196,77295.64782391196,,0.0
77.33541770885444,77335.41770885444,,0.0
77.37518759379691,77375.1875937969,,0.0
77.41495747873938,77414.95747873938,,0.0
77.45472736368184,77454.72736368184,,0.0
77.49449724862431,77494.4972486243,,0.0
77.53426713356679,77534.26713356678,,0.0
77.57403701850926,77574.03701850926,,0.0
77.61380690345173,77613.80690345172,,0.0
77.6535767883942,77653.5767883942,,0.0
77.69334667333668,77693.34667333668,,0.0
77.73311655827915,77733.11655827914,,0.0
77.77288644322162,77772.88644322162,,0.0
77.81265632816408,77812.65632816408,,0.0
77.85242621310655,77852.42621310655,,0.0
77.89219609804903,77892.19609804903,,0.0
77.9319659829915,77931.9659829915,,0.0
77.97173586793397,77971.73586793397,,0.0
78.01150575287645,78011.50575287644,,0.0
78.05127563781892,78051.27563781892,,0.0
78.09104552276139,78091.04552276139,,0.0
78.13081540770386,78130.81540770386,,0.0
78.17058529264632,78170.58529264633,,0.0
78.2103551775888,78210.35517758879,,0.0
78.25012506253127,78250.12506253127,,0.0
78.28989494747374,78289.89494747375,,0.0
78.32966483241621,78329.66483241621,,0.0
78.36943471735869,78369.43471735869,,0.0
78.40920460230116,78409.20460230116,,0.0
78.44897448724363,78448.97448724363,,0.0
78.4887443721861,78488.7443721861,,0.0
78.52851425712856,78528.51425712857,,0.0
78.56828414207104,78568.28414207103,,0.0
78.60805402701351,78608.05402701351,,0.0
78.64782391195598,78647.82391195599,,0.0
78.68759379689845,78687.59379689845,,0.0
78.72736368184093,78727.36368184093,,0.0
78.7671335667834,78767.1335667834,,0.0
78.80690345172587,78806.90345172587,,0.0
78.84667333666835,78846.67333666835,,0.0
78.8864432216108,78886.44322161081,,0.0
78.92621310655328,78926.21310655327,,0.0
78.96598299149575,78965.98299149575,,0.0
79.00575287643822,79005.75287643823,,0.0
79.0455227613807,79045.5227613807,,0.0
79.08529264632317,79085.29264632317,,0.0
79.12506253126564,79125.06253126563,,0.0
79.16483241620811,79164.83241620811,,0.0
79.20460230115059,79204.60230115059,,0.0
79.24437218609305,79244.37218609304,,0.0
79.28414207103552,79284.14207103552,,0.0
79.32391195597799,79323.911955978,,0.0
79.36368184092046,79363.68184092046,,0.0
79.40345172586294,79403.45172586293,,0.0
79.44322161080541,79443.22161080541,,0.0
79.48299149574788,79482.99149574788,,0.0
79.52276138069035,79522.76138069035,,0.0
79.56253126563283,79562.53126563283,,0.0
79.60230115057529,79602.30115057528,,0.0
79.64207103551776,79642.07103551776,,0.0
79.68184092046023,79681.84092046024,,0.0
79.7216108054027,79721.6108054027,,0.0
79.76138069034518,79761.38069034518,,0.0
79.80115057528765,79801.15057528765,,0.0
79.84092046023012,79840.92046023012,,0.0
79.8806903451726,79880.6903451726,,0.0
79.92046023011507,79920.46023011507,,0.0
79.96023011505753,79960.23011505752,,0.0
80.0,80000.0,,0.0
